Имя,Full name,Home Reality,Occupation,Identity,Status,Date of Birth,Age,Species,Gender,Skin Color,Eye color,Hair color,Height,Appeared in,Alias(es),Base of operations,Alt. versions,Marital Status,Affiliation(s),Nationality,Relatives,Power,Speed,Precision,Endurance
Aaron Davis,,,,,,,,,,,,,,,,,,,,,,1,1,2,2
Abel Tesfaye,Abel Makkonen Tesfaye,Earth-1610,Singer,No-Dual,Alive,"February 16, 1990",33,Human,Male,Black,Brown,Black,1.73 m,Spider-Man: Into the Spider-Verse (mentioned),,,,,,,,1,1,2,4
Aleksei Sytsevich,Aleksei Sytsevich,Earth-616,,,Alive,,,,Male,,,,,Spider-Man: Into the Spider-Verse (deleted scene),CodenamesRhino,"New York City, New York",,,,,,3,2,2,2
Aleksei Sytsevich,Aleksei Sytsevich,Earth-67,Supervillain,Secret,Alive,,,Human,Male,,,,,Spider-Man: Across the Spider-Verse,CodenamesRhino,,Rhino,Single,,,,2,1,2,3
Aleksei Sytsevich,Aleksei Sytsevich,Rhino's reality,Supervillain,Secret,Alive,,,Human,Male,,,,,Spider-Man: Across the Spider-Verse,Codenames Rhino,,Rhino,Single,,,,2,1,4,4
Annihilape,,Earth-8311,,,Alive,,,Ape,,,,,,Spider-Ham: Caught in a Ham,,,,,,,,2,3,1,4
Archibald Dyker,Archibald Dyker,Earth-138,Supervillain,Secret,Alive,,,Human,Male,,,,,Spider-Man: Across the Spider-Verse,,,Diamondhead,Single,,,,1,1,2,1
Baked Clamurai,,Earth-8311,,,Alive,,,Clam,,,,,,Spider-Ham: Caught in a Ham,,,,,,,,5,5,3,4
Bruce Banner,Unknown,Buff Spider-Man's Home Reality,Superhero,Secret,Alive,,,Mutate,Male,,,,,Spider-Man: Across the Spider-Verse,"Codenames  Spider-Man, Buff Spider-Man",,Spider-Totems,Single,Spider-Society,,,1,2,4,3
Mysterio,Quentin Beck,Earth-42,"Supervillain, CEO of Mysterio's",Secret,Alive,,,Human,Male,,,,,Spider-Man: Across the Spider-Verse (mentioned),Codenames  Mysterio,,,Single,],American,,5,3,2,4
Ben Parker,Benjamin Parker,Earth-1610,,,Deceased,,,Human,Male,White (Fair),Hazel,Grayed,,Spider-Man: Into the Spider-Verse (flashback),Uncle Ben,New York,Ben Parker,,,,May Parker (wife)Peter Parker (nephew)Mary Jane Parker (niece-in-law),4,4,3,2
Ben Parker,Benjamin Franklin Parker,Earth-616,,,Deceased,1953,,Human,Male,,,,,Spider-Man: Into the Spider-Verse (mentioned)Spider-Man: Across the Spider-Verse (hologram),Uncle Ben,New York,Ben Parker,,,,Peter Parker (nephew)Mary Jane Watson (ex-niece-in-law),1,2,2,4
Benjamin Parker,Benjamin Franklin Parker,Earth-90214,,,Deceased,,,Human,,,,,,,,,Ben Parker,,,,Peter Parker (nephew),1,5,1,2
Blackie Drago,Blackie Drago,Earth-1610,,,Alive,,,,Male,,,,,Spider-Man: Into the Spider-Verse (mentioned),,,,,,,,1,2,4,5
Boomerang,,Boomerang's reality,Supervillain,Secret,Alive,,,Human,Female,,,,,Spider-Man: Across the Spider-Verse,Codenames Boomerang,,Boomerang,Single,,,,2,5,1,5
Max Borne,Max Borne,Earth-9500,Superhero,Secret,Alive,,,Spider-Person,Male,White,,Brown,,Spider-Man: Across the Spider-Verse,Codenames  Spider-Man,,Spider-People,Single,Spider-Society,,,2,5,4,1
Betty Brant,Elizabeth Brant,Earth-65,MusicianStudent,No Dual,Alive,2000s,15-16,Human,Female,,,,,Spider-Man: Across the Spider-Verse,Betty Brant,"New York City, New York",,,Mary Janes,American,,5,4,2,4
Daniel Brito,Daniel Brito,Enforcers's reality,Supervillain,Secret,Alive,,,Human,Male,,,,,Spider-Man: Across the Spider-Verse,Codenames Fancy Dan,,Fancy Dan,Single,,,,5,2,2,5
Hobie Brown,Hobart Brown,Earth-138,"VigilanteGuitaristArtistProtester/Rioter  ""Runway model"" (""briefly"") [2]Spider-Society Employee (formerly)",Secret,Alive,1960s,16-17 [3],Human (enhanced),Male,Black (Black),Brown,Black,180 cm,Spider-Man: Across the Spider-VerseSpider-Man: Beyond the Spider-Verse (upcoming),CodenamesSpider-ManSpider-PunkDerivativesHobie BrownHobie,"Camden, New London [1]",Hobie BrownSpider-Man,Single,Spider-GangHobie Brown's BandSpider-Society (formerly),British,,1,4,4,5
Bruce Banner,,,,,,,,,,,,,,,,,,,,,,5,4,3,1
Bruce Banner,Robert Bruce Banner,Earth-616,,,Alive,,,,Male,,,,,Spider-Man: Into the Spider-Verse (deleted scene),CodenamesHulkIncredible Hulk,"New York City, New York",Bruce Banner,,Avengers (presumed),,,2,2,3,1
Bruno Sanchez,Bruno Sanchez,Earth-1610,Supervillain,Secret,Alive,,,Human,Male,,,,,Spider-Man: Into the Spider-Verse (photo),Codenames Ox,,Ox,Single,,,,5,1,2,4
Burglar,,Earth-616A,Burglar,No Dual,Not alive,,,Human,Male,,,,,Spider-Man: Across the Spider-Verse(Hologram),Codenames The Burglar,,Burglar,Single,,,,4,1,2,2
Burglar,,Burglar's reality,Burglar,No Dual,Alive,,,Human,Male,,,,,Spider-Man: Across the Spider-Verse,Codenames The Burglar,,Burglar,Single,,,,2,4,1,4
C. Salas,,Earth-1610,Security GuardHead of Security,,Alive,,,Human,Male,,Hazel,Brown,,Spider-Man: Into the Spider-Verse,,"Brooklyn, New York",,,Brooklyn Visions Academy,,,4,3,2,2
Calleros,Calleros (First Name Unknown),Earth-1610,Teacher,No Dual,Alive,,,Human,Female,,Hazel,Brown,,Spider-Man: Into the Spider-Verse*Spider-Man: Across the Spider-Verse (cameo),,New York City,,,Brooklyn Visions Academy,,,5,4,4,1
Chance the Rapper,Chancelor Johnathan Bennett,Earth-1610,Rapper,No-Dual,Alive,"April 16, 1993",30,Human,Male,Black,Brown,Black,1.78 m,Spider-Man: Into the Spider-Verse (mentioned),Chance the Rapper,,,Married,,American,,3,4,3,3
Infobox character,,,,,,,,,,,,,,,,,,,,,,1,4,3,4
Character Hubs,,,,,,,,,,,,,,,,,,,,,,2,1,1,3
Mrs. Chen,,Earth-688,,,Alive,,,Human,Female,,,,,Spider-Man: Across the Spider-Verse,,,,Single,Mrs. Chen's Store,,,4,1,3,2
Cindy Moon (Earth-1610),Cindy Moon,Earth-1610,,,,,,,Female,,,,,"Spider-Man: Into the Spider-Verse (name only, appeared on a screen)",,,,,Miles Morales,,,3,1,3,4
Clam,Clam,Clam's reality,Supervillain,Secret,Alive,,,Human,Female,,,,,Spider-Man: Across the Spider-Verse,CodenamesClam,,Clam,Single,,,,3,4,5,3
Anya Corazon,Aña Sofia Corazón,,,,,,,,,,,,,,,,,,,,,2,3,4,3
Cyber Billygoat,,Earth-8311,,,Alive,,,Goat,,,,,,Spider-Ham: Caught in a Ham,,,,,,,,2,1,5,4
Dan Rubinstein,Dan Rubinstein,Earth-1610,Supervillain,Secret,Alive,,,Human,Male,,,,,Spider-Man: Into the Spider-Verse (photo),Codenames Fancy Dan,,Fancy Dan,Single,,,,3,2,3,3
Aaron Davis,Aaron Davis,Earth-1610,Assassin,Secret,Deceased,1970s,41,Human,Male,Black,Brown,"N/A (bald, formerly black)",,Spider-Man: Into the Spider-VerseSpider-Man: Across the Spider-Verse (flashback and hologram),CodenamesProwler[1]DerivativesAaron[1],"Brooklyn, New York City",Aaron Davis (Earth-42)Aaron Davis (Earth-199999),Single,Kingpin,American,Jefferson Morales (older brother)Rio Morales (sister-in-law)Miles Morales (nephew)Maria Morales (sister-in-law),1,2,1,4
Aaron Davis,Aaron Davis,Earth-199999,Supervillain,Secret,Alive,"April 15, 1984",39,Human,Male,Black,Black,Brown,178 cm (5’10”),Spider-Man: Across the Spider-Verse,Codenames  ProwlerBrian Pinchelli,New York City,Prowler,Single,Adrian Toomes' Crew,American,Miles Morales (nephew),1,2,1,3
Aaron Davis,Aaron Davis,Earth-42,,No Dual,Alive,1970s,42,Human,Male,Black,Brown,"N/A (bald, formerly black)",,Spider-Man: Across the Spider-VerseSpider-Man: Beyond the Spider-Verse (upcoming),CodenamesProwler,"Brooklyn, New York City",Aaron Davis (Earth-1610)Aaron Davis (Earth-199999),Single,,American,Jefferson Morales † (brother)Miles Morales (nephew)Rio Morales (sister-in-law),4,5,3,1
Deceased characters,,,,,,,,,,,,,,,,,,,,,,1,4,2,4
Delilah,,,,,,,,,Female,,,,,Spider-Man: Across the Spider-Verse  (Deleted scene),,,,,,,,3,2,5,1
Antoine Delsoin (Earth-Unknown),Antoine Delsoine,Hypno Hustler's Reality,Supervillain,Secret,Alive,,,Human,Male,Brown,,Black,,Spider-Man: Across the Spider-Verse,Codenames Hypno Hustler,,Hypno-Hustler,Single,,,,3,4,3,5
Maxwell Dillon,Maxwell Dillon,Earth-42,"Supervillain, CEO of ELECTROnics",Secret,Alive,,,Human,Male,,,,,Spider-Man: Across the Spider-Verse (mentioned),Codenames  Electro,,,Single,Sinister Six,American,,5,2,1,1
Doctor Octopus,,,,,,,,,,,,,,,,,,,,,,3,3,1,3
Doppelganger,,Doppelganger's Home Reality,Superhero,Secret,Alive,,,Manifestation/Spider-Person,Male,,White,No Hair,,Spider-Man: Across the Spider-Verse,,,Peter Parker (genetic template)Spider-Clones (fellow clones),,Spider-Society,,Peter Parker (genetic template),1,4,5,2
Dr. Crawdaddy,,Earth-8311,Scientist,,Alive,,,Crustacean,Male,,,,,Spider-Ham: Caught in a Ham,,,,,,,,4,2,4,1
Jessica Drew,Jessica Drew,Earth-332,SuperheroSpider-Society Employee,Public,Alive,,,Human (enhanced),Female,Black,,Black,,Spider-Man: Across the Spider-VerseSpider-Man: Beyond the Spider-Verse (unreleased)Spider-Woman (unreleased),CodenamesSpider-Woman,,Jessica DrewSpider-Woman,Married,Spider-SocietyMiguel O'Hara,American,Gerry (Son; unborn),5,1,3,1
Archibald Dyker,Archibald Dyker,Diamondhead's reality,Supervillain,,Alive,,,Human,Male,,,,,Spider-Man: Across the Spider-Verse,CodenamesDiamondhead,,Diamondhead,Single,,,,1,4,3,1
Eddie Brock,Edward Brock Jr.,Earth-1610,,,,,,,Male,,,,,Spider-Man: Into the Spider-Verse (mentioned),,,,,,,Venom (symbiote),4,5,4,2
Eddie Brock,Edward Charles Allan Brock,Earth-616,,,Alive,,,Human,Male,,,,,Spider-Man: Into the Spider-Verse (deleted scene),CodenamesVenom,,Eddie Brock,,Venom,,Venom,1,1,5,2
Liz Allan,Elizabeth Allan,Earth-616,,No Dual,Alive,,,Human,Male,,,,,Spider-Man: Across the Spider-Verse (photo),,,,Married,,American,,5,1,5,1
Wilson Fisk,Wilson Fisk,Earth-138,Businessman,,,,,Human,Male,,Hazel,N/A (bald),,Spider-Man: Across the Spider-Verse,Kingpin,,,,,,,3,5,1,5
Flash Thompson,Eugene Thompson,Earth-616,,No Dual,Alive,,,Human,Male,,,,,Spider-Man: Across the Spider-Verse(hologram),,,Flash Thompson,Single,,American,,5,1,4,2
Flash Thompson,Eugen Thompson,Earth-78127,,,Alive,,,Human,Male,,,,,Spider-Man: Across the Spider-Verse,,,Flash ThompsonSpider-People,Single,,,,3,1,5,2
Flint Marko,Flint Marko,Earth-42,"Supervillain, CEO of Sandman",Secret,Alive,,,Human,Male,,,,,Spider-Man: Across the Spider-Verse (mentioned),Codenames  Sandman,,,Single,Sinister Six,American,,5,2,2,2
Francis Byte,Francis Byte,Earth-8107,"Supervillain, formerly superhero",Secret,Alive,,,Human,Male,,Red,Black,,Spider-Man: Across the Spider-Verse,Codenames  Videoman  Organizational Names  Video game guys (with Norman Osborn and Spider-Man),,,Dating,,,,2,2,3,4
Frankfurter Porker,Frankfurter Porker,Earth-8311,,No Dual,Deceased,,,Pig,Male,,,,,Spider-Man: Into the Spider-Verse  (indirectly mentioned),,,Ben Parker,,,,Peter Porker (adoptive nephew),1,4,1,1
Frederick Foswell (Earth-Unknown),Frederick Foswell,Unknown,Supervillain,Secret,Alive,,,Human,Male,,,,,Spider-Man: Across the Spider-Verse,CodenamesBig Man,,Big Man,Single,,,,1,4,4,5
Future Foundation Spider-Woman,,Future Foundation Spider-Woman's reality,Superhero,Secret,Alive,,,Human,Female,,,,,Spider-Man: Across the Spider-Verse,Codenames Spider-Woman  Future Foundation Spider-Woman,,Spider-PersonSpider-WomanJessica Drew,Single,,,,2,4,1,2
Gabriella O'Hara,Gabriella O'Hara,Unidentified Universes,StudentSoccer Player,No Dual,Deceased,,,Human,Female,Swarthy,Brown,Brown,,Spider-Man: Across the Spider-Verse,,,,Single,,American Mexican Irish,Miguel O'Hara (biological father)Miguel O'Hara (alternate reality father/adoptive father),3,2,5,4
Ganke Lee,,Earth-1610,Student,No-Dual,Alive,,,Human,Male,,Brown,Black,170 cm,Spider-Man: Into the Spider-VerseSpider-Man: Across the Spider-Verse,,"Brooklyn, New York City",,,Spider-Man,,,1,4,5,3
MacDonald Gargan,MacDonald Gargan,Earth-42,"Supervillain, CEO of Scorpo",Secret,Alive,,,Human,Male,,,,,Spider-Man: Across the Spider-Verse (mentioned),Codenames  Scorpion,,Scorpion,Single,Sinister Six,American,,2,1,2,3
George Stacy,,,,,,,,,,,,,,,,,,,,,,1,2,3,2
George Stacy,,Earth-26496,Police Captain,No-Dual,Deceased,,,Human,Male,White,,,,Spider-Man: Across the Spider-Verse,Captain Stacy,,George Stacy,,,American,,4,4,4,5
Gloria Morales,,Earth-1610,,,,,,Human,Female,,,,,"Spider-Man: Into the Spider-Verse (name only, appeared on a screen)",,,,,,Puerto Rican,Rio Morales (daughter)Maria Morales (daughter)Miles Morales (grandson)Jefferson Morales (son-in-law),3,1,1,5
Gog,Gog,Earth-1610,Supervillain,,Alive,,,Tsiln,Male,,,,,The Spider Within: A Spider-Verse Story,,,,Single,,,,4,4,3,1
Gog,Unknown,Earth-42,Supervillain,,Alive,,,Tslin,Male,,,,,Spider-Man: Across the Spider-Verse (Mentioned only),Gog,,Gog,Single,Gog (Corporation),American,,3,3,5,2
Gog,Gog,Gog's reality,Supervillain,,Alive,,,Tslin,Male,,,,,Spider-Man: Across the Spider-Verse,CodenamesGog,,Gog,Single,,,,2,4,3,3
Gog 2 (Earth-Unknown),Gog,Gog's reality,Supervillain,,Alive,,,Tslin,Male,,,,,Spider-Man: Across the Spider-Verse,CodenamesGog,,Gog,Single,,,,3,3,1,1
Goose Cannon,,Earth-8311,,,Alive,,,Goose,,,,,,Spider-Ham: Caught in a Ham,,,,,,,,3,4,3,5
Gordon Thomas,Gordon Thomas,Typeface's Reality,Supervillain,Secret,Alive,,,Human,Male,,Brown,Brown,,Spider-Man: Across the Spider-Verse,Codenames Typeface,,Typeface,Single,,,,2,5,5,1
Glory Grant,Gloriana Grant,Earth-65,MusicianStudent,No Dual,Alive,2000s,15-16,Human,Female,,,,173 cm,Spider-Man: Across the Spider-Verse,Glory Grant,"New York City, New York",,,Mary Janes,American,,3,4,3,3
Gwen Stacy,,,,,,,,,,,,,,,,,,,,,,1,2,4,5
Henry McCoy (Earth-1610),Hank Mboy,Earth-1610,,,,,,,Male,,,,,"Spider-Man: Into the Spider-Verse (name only, appeared on a screen)",,,,,Miles Morales,,,5,2,3,4
Herman Schultz (Earth-1610),Herman Schultz,Earth-1610,,Secret,Alive,,,,,,,,,Spider-Man: Into the Spider-Verse (photo),Shocker,,,,,,,2,3,4,4
Herman Schultz (Earth-42),Herman Schultz,Earth-42,Supervillain,Secret,Alive,,,Human,Male,,,,,Spider-Man: Across the Spider-Verse,,,Shocker,Single,,,,5,2,3,2
Herman Schultz (Earth-Unknown),Herman Schultz,Unknown,Supervillain,,Alive,,,Human,Male,,,,,Spider-Man: Across the Spider-Verse,CodenamesShocker,,Shocker,Single,,,,2,1,5,1
Brian Hibbs,Brian Hibbs,Kangaroo's reality,Supervillain,,Alive,,,Human,,,,,,Spider-Man: Across the Spider-Verse,Kangaroo,,Kangaroo,,,,,2,5,2,5
Hobgoblin,Unknown (likely an Indian variation of Roderick Kingsley),Earth-50101,Supervillain,Secret,Alive,,,Human (Mutated),Male,Green,Yellow,Brown,,Spider-Man: Across the Spider-Verse,Codenames  HobgoblinHobgoblin India,,,Single,,Indian,,4,5,2,2
Hubert Carpenter,Hubert Carpenter,Unknown,Supervillain,Secret,Alive,,,Human,Male,,,,,Spider-Man: Across the Spider-Verse,CodenamesWalrus,,Walrus,Single,,,,4,1,4,1
Hubert Carpenter,Hubert Carpenter,Earth-138,Supervillain,Secret,Alive,,,Human,Male,,,,,Spider-Man: Across the Spider-Verse,Codenames Walrus,,Walrus,Single,,,,3,3,4,3
J. Jonah Jameson,John Jonah Jameson,Earth-13122,,,Alive,,,Human,Male,,,,,Spider-Man: Across the Spider-Verse,,,J. Jonah Jameson,Single,,,,5,1,2,5
J. Jonah Jameson,John Jonah Jameson Jr.,Earth-42,,,,,,,,,,,,,,,J. Jonah Jameson,,,,,2,1,5,1
J. Jonah Jameson,John Jonah Jameson,Earth-616,Editor-in-chief,No Dual,Alive,,,Human,Male,,,,,Spider-Man: Across the Spider-Verse (photo),DerivativesJ. Jonah Jameson,"New York City, New York",J. Jonah Jameson,Single,The Daily Bugle,American,,3,5,5,5
J. Jonah Jameson,John Jonah Jameson,Earth-65,,,Alive,,,Human,Male,,,,,Spider-Man: Across the Spider-Verse,,,J. Jonah Jameson,Single,,,,1,4,3,1
J. Jonah Jameson,John Jonah Jameson,Earth-67,,No Dual,Alive,,,Human,Male,,Brown,Graying,,Spider-Man: Into the Spider-Verse,DerivativesJ. Jonah Jameson,New York,J. Jonah Jameson,,The Daily Bugle,,,2,5,4,3
Jackson Brice,Jackson Brice,Enforcers's reality,Supervillain,Secret,Alive,,,Human,Male,,,,,Spider-Man: Across the Spider-Verse,Codenames Montana,,Montana,Single,,,,1,5,5,5
Jackson Weele,Jackson Weele,Big Wheel's Reality,Supervillain,Secret,Alive,,,Sentient Vehicle,,,,,,Spider-Man: Across the Spider-Verse,Codenames Big Wheel,,,,,,,3,2,1,4
Jalome Beacher,Jalome Beacher,Earth-42,"Supervillain, CEO of LcSlyde",Secret,Alive,,,Human,,,,,,Spider-Man: Across the Spider-Verse (mentioned),Codenames  Slyde,,,Single,,American,,4,1,3,3
Jalome Beacher (Earth-Unknown),Jalome Beacher,Slyde's reality,Supervillain,Secret,Alive,,,Human,Male,,,,,Spider-Man: Across the Spider-Verse,Codenames Slyde,,Slyde,Single,,,,3,5,3,1
James Blake,James Blake Litherland,Earth-1610,Singer,No-Dual,Alive,26 September 1988,30,Human,Male,White,Green,Brown,,Spider-Man: Across the Spider-Verse (mentioned),,,,,,,,1,1,2,5
Jefferson Davis,,,,,,,,,,,,,,,,,,,,,,2,2,4,3
Abner Jenkins,Abner Jenkins,Earth-1610,Supervillain,Secret,Alive,,,Human,Male,,,,,Spider-Man: Across the Spider-Verse,Codenames Beetle,,Beetle,Single,,,,5,1,5,1
Abner Jenkins (Earth-Unknown),Janice Lincoln,Lady Beetle's Reality,Supervillain,Secret,Alive,,,Human,Male,,Unknown,Unknown,,Spider-Man: Across the Spider-Verse,Codenames Lady Beetle,,,Single,,,,3,5,5,4
Jessica Drew,,,,,,,,,,,,,,,,,,,,,,2,1,3,4
Jessica Drew,Jessica Drew,Earth-1610,,,,,,,Female,,,,,"Spider-Man: Into the Spider-Verse (name only, appeared on a screen)",,,Jessica Drew,,Miles Morales,,,4,2,4,1
Joseph (Earth-1610),Joseph (last name unrevealed),Earth-1610,,,Arrested (presumed),,,,Male,,,,,Spider-Man: Into the Spider-Verse (photo)Spider-Man: Across the Spider-Verse,Hammerhead,,,,,,,4,4,4,4
Joseph,Joseph,Earth-42,"Supervillain, CEO of Hammerhead Corp",Secret,Alive,,,Human,,,,,,Spider-Man: Across the Spider-Verse (mentioned),Codenames  Hammerhead,,,Single,,American,,4,1,4,3
Joseph,Joseph (last name possibly Martello),Earth-616,,Secret,Alive,,,,Male,,,,,Spider-Man: Into the Spider-Verse (photo),Hammerhead,,,,,,,2,5,2,4
Joseph (Earth-Unknown),Joseph,Hammerhead's reality,Supervillain,Secret,Alive,,,Human,Male,,,,,Spider-Man: Across the Spider-Verse,CodenamesHammerhead,,Hammerhead,Single,,,,3,2,5,2
Joseph Robertson,Joseph Robertson,Earth-616,,No Dual,Alive,,,Human,Male,,,,,Spider-Man: Across the Spider-Verse (photo),,,,,,American,,2,5,4,4
User:Jstewart2007,You don't need to know that,This one,Lifeguard,,Alive,Summer 2007,,Human,Male,White,Brown,Brown,6'0,,DC Universe Fanboy,,,Single (lucky you!),,American (Scottish/British Descent),,2,5,2,2
Julia Carpenter,Julia Carpenter,,Superhero,Secret,Alive,,,Human,Female,,,,,Spider-Man: Across the Spider-Verse,CodenamesSpider-Woman,,Spider-Woman,,Spider-Society,American Brazilian,,5,1,1,5
Margo Kess,Margo Kess,Earth-22191,Cyber VigilanteStudentSpider-Society Employee (formerly),Secret,Alive,2004,15-16 [1],Human,Female,Black,Brown,Brown,170 cm,Spider-Man: Across the Spider-VerseSpider-Man: Beyond the Spider-Verse (upcoming),Spider-Byte,,Spider-People,Single,Spider-GangSpider-Society (formerly)Spider-Army (formerly),American,Unnamed parents,5,5,3,3
Ned Leeds,Edward Leeds,Earth-65,Student,No-Dual,Alive,,,Human,Male,,Brown,Blonde (dyed),,Spider-Man: Across the Spider-Verse,,"Chelsea, New York City, New York",,Single,,American,,3,1,5,5
Leopardon,,Earth-51778,,,,,,Sentient robotic suit,,,,,60 m,Spider-Man: Into the Spider-Verse (drawing)The Spider Within: A Spider-Verse Story (drawing)Spider-Man: Beyond the Spider-Verse (unreleased),,Japan,,,Takuya Yamashiro,,,5,4,5,5
List of Minor Characters,,,,,,,,,,,,,,,,,,,,,,4,5,3,4
Otto Octavius,Otto Gunther Octavius,Doc Ock's Reality,Supervillain,Secret,Alive,,,Human,Male,White,,Brown,,Spider-Man: Across the Spider-Verse,"Codenames  Doctor Octopus, Doc Ock",,Doctor Octopus,Single,,,,5,5,1,4
Lonnie Lincoln,Alonzo Lincoln,Earth-1610,BodyguardEnforcer,,Alive (In custody),,,Human mutate,Male,,Brown,White,,Spider-Man: Into the Spider-Verse,Tombstone,,Tombstone,,Kingpin,,,4,5,2,4
Lonnie Lincoln,Lonnie Thompson Lincoln,Earth-616,,,Alive,,,Human mutate,Male,,Brown,White,,Spider-Man: Into the Spider-Verse  (Flashback),Tombstone,,Tombstone,,,,,3,3,3,5
LYLA,LYrate Lifeform Approximation,Earth-928,,,Extant,,,Artificial Intelligence,Female,White,Brown,Brown,,Spider-Man: Into the Spider-VerseSpider-Man: Across the Spider-VerseSpider-Man: Beyond the Spider-Verse,DerivativeLYLA,Nueva York,,Single,Miguel O'Hara,,,2,3,2,3
Mac Gargan,MacDonald Gargan,Earth-616,,,Alive,,,,Male,,,,,Spider-Man: Into the Spider-Verse (flashback),Mac GarganCodenamesScorpion,,Scorpion,,,,,2,2,2,3
Majestic Cariboom,,Earth-8311,,,Alive,,,Caribou,,,,,,Spider-Ham: Caught in a Ham,,,,,,,,5,3,2,2
Maria Morales,Maria Morales,Earth-1610,,No Dual,Alive,,39,Human,Female,,Brown,Brown,,Spider-Man: Across the Spider-Verse,,"Brooklyn, New York City",Maria Morales,,,Puerto Rican American,Rio Morales (older sister)Miles Morales (nephew)Jefferson Morales (brother-in-law)Gloria Morales (mother),4,2,1,1
Mariachi Spider-Man,,Mariachi Spider-Man's Reality,Superhero,Secret,Alive,,,Human,Male,,,,,Spider-Man: Across the Spider-Verse,CodenamesSpider-Man  Mariachi Spider-Man,,Spider-People,Single,Spider-Society,,,1,3,1,3
Mariachi Spider-Man 2,,Mariachi Spider-Man's Reality,Superhero,Secret,Alive,,,Human,Male,,,,,Spider-Man: Across the Spider-Verse,CodenamesSpider-Man  Mariachi Spider-Man,,Spider-People,Single,Spider-Society,,,1,4,2,4
Mariachi Spider-Man 3,,Mariachi Spider-Man's Reality,Superhero,Secret,Alive,,,Human,Male,,,,,Spider-Man: Across the Spider-Verse,CodenamesSpider-Man  Mariachi Spider-Man,,Spider-Person,Single,Spider-Society,,,1,2,4,2
Mary Jane,,,,,,,,,,,,,,,,,,,,,,2,3,5,4
Mary Jane Parker,Mary Jane Parker (legal name)Mary Jane Watson (birth name),Earth-1610,,,Alive,December 1991,26,Human,Female,White,Blue,Red,,Spider-Man: Into the Spider-Verse,MJ,New York City,Mary Jane,Widowed,,,"Ben Parker (uncle-in-law, deceased)May Parker (aunt-in-law)",2,4,1,5
Mary Jane Watson-Parker,Mary Jane Watson-Parker,Earth-18119,Superhero,Secret,Alive,,,Spider-Person,Female,,,Red,,Spider-Man: Across the Spider-Verse,Codenames  Spinneret,,Mary JaneSpider-People,Married,Spider-Society,,Anna-May Parker (daughter),4,3,4,5
Matthew Murdock,Matthew Murdock,Unknown Reality,,,Alive,,,Human,Male,Pale,,,,Spider-Man: Into the Spider-Verse,Matthew Murdock,,,,,,Wilson Fisk (father)Sister Maggie (mother),5,1,4,4
Maximus Gargan (Earth-1610),Maximums Gargan,Earth-1610,,,Alive,,,Human (mutated and cybernetically-enhanced),Male,,,,,Spider-Man: Into the Spider-Verse,,New York City,Maximus Gargan,,Kingpin,,,1,1,5,3
Maxwell Markham,Maxwell Markham,Earth-1610,Supervillain,Secret,Alive,,,Human,Male,,,,,Spider-Man: Across the Spider-Verse,Codenames Grizzly,,,Single,,,,4,4,2,1
Maxwell Markham,Maxwell Markham,Earth-42,"Supervillain, CEO of Griz",Secret,Alive,,,Human,,,,,,Spider-Man: Across the Spider-Verse (mentioned),Codenames  Grizzly,,,Single,,American,,4,5,4,4
Maxwell Markham (Earth-Unknown),Maxwell Markham,Unknown,Supervillain,Secret,Alive,,,Human,Male,,,,,Spider-Man: Across the Spider-Verse,CodenamesGrizzly,,Grizzly,Single,,,,5,5,4,3
May Parker,,,,,,,,,,,,,,,,,,,,,,4,1,4,2
Mayday Parker,May Parker,Earth-616,,Secret,Alive (anomaly for existing due to Miles Morales the original anomaly himself),"August, 10, 2022",Eight Months Old[1],Mutant,Female,White,Blue,Red,,Spider-Man: Across the Spider-Verse,AnarchistMaydayMay Parker IIMagical Child,,,,Spider-Society (visitor and anomaly)Spider-Gang,,Peter Parker (father)Mary Jane Watson (mother)Ben Parker † (paternal great-uncle)May Parker † (paternal great-aunt)Spencer Watson (maternal great-uncle)Anna Watson (maternal great-aunt),5,1,2,4
Mayday Parker,May Parker,Earth-982,Superhero,Secret,Alive,,,Human,Female,,,,,Spider-Man: Across the Spider-Verse,Codenames  Spider-GirlSpider-Woman,,Mayday ParkerSpider-People,Single,Spider-Society,American,Peter Parker (father)Mary Jane Parker (mother)Benjy Parker (brother),3,5,2,2
May Porker,May Porker,,,,,,,,,,,,,Spider-Man: Into the Spider-Verse,,,,,,,,5,2,1,3
May Parker,Maybelle Parker,Earth-1610,,No Dual,Alive,,,Human,Female,,Blue,Gray,,Spider-Man: Into the Spider-VerseSpider-Man: Across the Spider-Verse (flashback),Aunt MaySpider-Man's Aunt,"FloridaQueens, New York (formerly)",May Parker,Widowed,Spider-ManSpider-Gang,,Peter Parker † (nephew)Mary Jane Parker  (niece-in-law),1,5,1,3
May Parker,Maybelle Parker (married name)Maybelle Reilly (maiden name),Earth-616,,,Deceased,,,Human,Female,,Brown,Grey,,Spider-Man: Into the Spider-Verse (mentioned) Spider-Man: Across the Spider-Verse (photo),Aunt May,New York City,May Parker,,,,Peter Parker (nephew)Mary Jane Watson (niece-in-law),1,3,4,3
May Reilly,Maybelle Reilly,,,,,,,,,,,,,Spider-Man: Across the Spider-Verse,,,May Parker,,,,,5,2,2,3
Metro Spider-Man,"Leland ""Metro Boomin"" Wayne (presumed)",Unidentified Universe,,Secret,Alive,,,Human (enhanced),Male,,,,,Spider-Man: Across the Spider-Verse,CodenamesMetro Spider-Man,,,,Spider Society,,,3,3,2,5
Miguel O'Hara,,,,,,,,,,,,,,,,,,,,,,3,1,5,3
Home,,,,,,,,,,,,,,,,,,,,,,1,2,4,5
Miles Morales,,,,,,,,,,,,,,,,,,,,,,3,3,1,1
Miles Warren (Earth-Unknown),Miles Warren,Unknown,Supervillain,,Alive,,,Human,Male,,,,,Spider-Man: Across the Spider-Verse,CodenamesJackal,,Jackal,Single,,,,4,3,5,5
Christopher Miller,Christopher Miller,Earth-13122,Unknown,Public,Alive,,,Human,Male,,,,,Spider-Man: Across the Spider-Verse,,,,Single,,American,Phil Lord (Best friend),2,2,2,2
Missterio,,Missterio's Home Reality,Supervillain,Secret,Alive,,,Human,Female,,,,,Spider-Man: Across the Spider-Verse,Codenames  Missterio,,Mysterio,Single,,,,4,4,1,1
Montana Bale,Montana Bale,Earth-1610,Supervillain,Secret,Alive,,,Human,Male,,,,,Spider-Man: Into the Spider-Verse (photo),Codenames Montana,,Montana,Single,,,,1,5,4,2
Mooseterio (Earth-8311A),,Earth-8311A,Supervillain,Secret,Alive,,,Anthropomorphic Moose,Male,,,,,Spider-Man: Across the Spider-Verse,Codenames  Mooseterio,,Mysterio,Single,,,,3,3,2,4
Jefferson Morales,Jefferson Morales,Earth-1610,Police Officer,Public,Alive,1970s,43 (ITSV)44 (ATSV),Human,Male,Black,Brown,Black,183 cm,Spider-Man: Into the Spider-VerseThe Spider Within: A Spider-Verse StorySpider-Man: Across the Spider-VerseSpider-Man: Beyond the Spider-Verse (upcoming),CodenamesLieutenant Morales[1]Captain Morales[1]Officer Morales[1]Derivatives Jeff[2],"Brooklyn, New York City",Jefferson MoralesJefferson Morales (Earth-42),Married,PDNY  71st Precinct,American,Aaron Davis † (brother)Miles Morales (son)Gloria Morales (mother-in-law)Maria Morales (sister-in-law),5,5,4,4
Jefferson Morales,Jefferson Morales,Earth-42,Police Officer,Public,Deceased,1970s,43,Human,Male,Black,Brown,Black,178 cm,Spider-Man: Across the Spider-Verse (graffiti),,"Brooklyn, New York City",Jefferson Morales,Married,PDNY (formerly),American,Miles Morales (son)Aaron Davis (brother),2,5,5,5
Miles Morales,Miles Gonzalo Morales,Earth-1610,StudentVigilanteStreet Artist,Secret,Alive,December 2005,13 [3] (ItSV)[4]15 [5] (AtSV)[2],Human (enhanced),Male,Black,Hazel  Blue (when Venom Striking),Black,170 cm,Spider-Man: Into the Spider-VerseThe Spider Within: A Spider-Verse StorySpider-Man: Across the Spider-VerseSpider-Man: Beyond the Spider-Verse (upcoming),CodenamesSpider-Man[1]DerivativesMiles Morales[1]Miles[1]Morales[1]In-Universe MediaSpider-Man #2[2]Menace[2]Organizational NamesThe Original Anomaly[2],"Brooklyn, New York City",Miles Morales  Miles Morales (Earth-42)Spider-Man,Single,Spider-Gang (formerly)Brooklyn Visions AcademyBrooklyn Middle School (formerly),American,Jefferson Morales (father)Rio Morales (mother)Aaron Davis † (paternal uncle)Gloria Morales (maternal grandmother)Maria Morales (maternal aunt),5,1,5,2
Miles G. Morales,Miles Gonzalo Morales,Earth-42,Vigilante/Anti-HeroStudent,Secret,Alive,December 2004,15,Human,Male,Black,Hazel,Black,170 cm,Spider-Man: Across the Spider-VerseSpider-Man: Beyond the Spider-Verse (upcoming),CodenamesProwlerDerivativesMiles MoralesMilesMorales,"Brooklyn, New York City",Miles Morales  Miles Morales (Earth-1610),Single,,American,Jefferson Morales † (father)Rio Morales  (mother)Aaron Davis (paternal uncle),1,5,5,4
Rio Morales,Rio Morales,Earth-1610,Nurse,No Dual,Alive,1970s,41 (ITSV)42 (ATSV),Human,Female,Brown,Brown,Brown,170 cm,Spider-Man: Into the Spider-VerseSpider-Man: Across the Spider-VerseSpider-Man: Beyond the Spider-Verse (upcoming),,"Brooklyn, New York City",Rio MoralesRio Morales (Earth-42),Married,,Puerto Rican   American,Gloria Morales (mother)Miles Morales (son)Maria Morales (younger sister)Aaron Davis † (brother-in-law),3,3,3,4
Rio Morales,Rio Morales,Earth-42,Nurse,No Dual,Alive,1970s,42,Human,Female,Brown,Green,Brown,170 cm,Spider-Man: Across the Spider-Verse,,"Brooklyn, New York City",Rio MoralesRio Morales (Earth-1610),Widowed,,Puerto Rican   American,Miles Morales (son)Aaron Davis (brother-in-law)Gloria Morales (mother),5,1,4,4
Multi-Factor,Unknown,Earth-928,,,Unknown,,,,Male,,,,,Spider-Man: Across the Spider-Verse (referenced),,,,,,,,5,2,5,1
Norman Osborn,Norman Virgil Osborn,Earth-1610,,,Deceased,,,Human (mutated),Male,,,,7.62 m,Spider-Man: Into the Spider-Verse,Green Goblin,New York,Norman Osborn,,Kingpin,,,2,3,5,1
Norman Osborn,Norman Virgil Osborn,Earth-616,,Public,Alive,,,,Male,,,,,Spider-Man: Into the Spider-Verse (flashback),Green Goblin,,Norman Osborn,,,,"Harry Osborn (son, deceased)",2,1,4,3
Norman Osborn,Norman Osborn,Green Goblin's reality,Supervillain,Secret,Alive,,,Goblin-enhanced Human,Male,,,,,Spider-Man: Across the Spider-Verse,Codenames Green Goblin,,Green Goblin,Single,,,,3,1,5,2
Norman Osborn,Norman Osborn,Green Goblin's reality,Supervillain,Secret,Alive,,,Goblin-enhanced Human,Male,,,,,Spider-Man: Across the Spider-Verse,Codenames Green Goblin,,Green Goblin,Single,,,,2,5,4,4
Mignola-World Puppet Goblin,Norman Osborn,Mignola World,Supervillain,Secret,Alive,,,Goblin-enhanced Human,Male,,,,,Spider-Man: Across the Spider-Verse,Codenames Mignola-World Puppet Green Goblin,,Green Goblin,Single,,,,5,2,2,2
Nuclear Boarhead,,Earth-8311,,,Alive,,,Boar,,,,,,Spider-Ham: Caught in a Ham,,,,,,,,5,3,4,3
Miguel O'Hara,Miguel O'Hara,Unidentified Universes,Unknown,No-Dual (presumably),Deceased,,,Human,Male,White,Brown,Brown,,Spider-Man: Across the Spider-Verse,,,Miguel O'Hara,Single,,American Mexican Irish,Gabriella O'Hara (daughter; deceased),1,3,4,5
Miguel O'Hara,Miguel O'Hara,Earth-928,,Secret,Alive,,35,Human (enhanced),Male,Brown,Dark Brown  Red (temporarily),Black,210 cm (6'9),Spider-Man: Into the Spider-Verse (post-credits scene)Spider-Man: Across the Spider-VerseSpider-Man: Beyond the Spider-Verse (upcoming),CodenamesSpider-Man[1]Editorial NamesSpider-Man 2099[1]Interesting Person #1[1],Nueva York,Miguel O'HaraSpider-Man,Single,Spider-SocietyLylaAlchemax (formerly),American,Gabriella O'Hara (alternate reality/adoptive daughter; deceased),5,5,3,3
Michelle Obama,Michelle LaVaughn Robinson Obama,Earth-1610,Presidential Candidate,No-dual,Alive,,,Human,Female,Black,Brown,Black,,Spider-Man: Across the Spider-Verse (mentioned),,United States,,Married,,American,,3,2,2,4
Otto Octavius,Otto Gunther Octavius,Classic Doc Ock's Reality,Supervillain,Secret,Alive,,,Human,Male,White,,Brown,,Spider-Man: Across the Spider-Verse,"Codenames  Doctor Octopus, Doc Ock",,Doctor Octopus,Single,,,,4,3,3,5
Otto Octavius,Otto Octavius,Earth-65,,,Alive,,,Human,Male,,,,,Spider-Man: Into the Spider-Verse (flashback),CodenamesDoctor Octopus,New York,Doctor Octopus,,,,,1,2,5,5
Johnathon Ohnn,Johnathan Ohnn,Earth-1610,SupervillainCriminalScientist (formerly),Secret,Alive,1980,40,Human (enhanced),Male,"Light, later white","Brown, later none","Black, later none",178 cm (base)Variable,Spider-Man: Into the Spider-Verse (cameo) (unnamed)Spider-Man: Across the Spider-VerseSpider-Man: Beyond the Spider-Verse (upcoming),CodenamesSpot[1]The Spot[1]NicknamesCow[1]Dalmatian[1]Villain of the Week[1]Spider-Man's Nemesis[1],,,,Alchemax (formerly),,,1,3,4,3
Olivia Octavius,Olivia Octavius,Earth-1610,Head scientist at Alchemax,Secret,Unknown,1987,31,Human,Female,White,Hazel,Brown,5'11-6'0,Spider-Man: Into the Spider-VerseSpider-Man: Across the Spider-Verse (flashback),Codenames  Doctor OctopusDoc Ock  Derivatives  Liv,New York,Doctor Octopus,Single,AlchemaxWilson FiskFisk Family Foundation,American,,3,5,2,4
Norman Osborn,Norman Virgil Osborn,Atari Norman Osborn's Reality,,Secret,Alive,,,Human,Male,,,,,Spider-Man: Across the Spider-Verse,Codenames  Green Goblin  Organizational Names  Video game guys (with other video game villains and Spider-Man),,Norman Osborn,Single,,,,3,4,3,5
Harry Osborn,Harold Theopolis Osborn,Earth-616,,No Dual,Alive,,,Human,Male,,,,,Spider-Man: Across the Spider-Verse (photo),,,,Married,,American,Norman Osborn (father),2,3,4,3
Otto Octavius,Otto Octavius,Earth-13122,Scientist,,Alive,,,Human,Male,,,,,Spider-Man: Across the Spider-Verse  (Newspaper),CodenamesDoctor OctopusDoc OckLego Doctor OctopusLego Doc Ock,,Doc Ock,,,,,1,1,1,3
Otto Octavius,Otto Octavious,Earth-42,"Supervillain, CEO of Oct 8",Secret,Alive,,,Human,Male,,,,,Spider-Man: Across the Spider-Verse (mentioned),Codenames  Doctor Octopus,,Doctor Octopus,Single,Sinister Six,American,,2,1,3,4
Otto Octavius,Otto Gunther Octavius,Earth-616,Supervillain,Secret,Alive,,,Human,Male,,,,,Spider-Man: Into the Spider-Verse (flashback/photo),CodenamesDoctor OctopusDerivativesOtto OctaviusNicknames Doc Ock,New York,Doctor Octopus,Single,,American,,5,4,2,3
Otto Octavius,Otto Gunther Octavius,Superior Spider-Man's Reality,Supervillain,Secret,Alive,,,Spider-Person,Male,,,,,Spider-Man: Across the Spider-Verse,CodenamesSpider-ManSuperior Spider-Man,,Doctor OctopusPeter ParkerSpider-People,Single,Spider-Society,,,1,3,3,3
Otto Octavius 1 (Earth-Unknown),Otto Gunther Octavius,Doctor Octopus's reality,Supervillain,Secret,Alive,,,Human,Male,,,,,Spider-Man: Across the Spider-Verse,Codenames Doctor Octopus  Doc Ock,,Doctor Octopus,Single,,,,1,1,3,3
Otto Octavius 2 (Earth-Unknown),Otto Guntler Octavius,Doctor Octopus's reality,Supervillain,Secret,Alive,,,Human,Male,,,,,Spider-Man: Across the Spider-Verse,Codenames Doctor Octopus  Doc Ock,,Doctor Octopus,Single,,,,4,1,3,2
Otto Octavius 3 (Earth-Unknown),Otto Guntler Octavius,Doctor Octopus's reality,Supervillain,Secret,Alive,,,Human,Male,,,,,Spider-Man: Across the Spider-Verse,Codenames Doctor Octopus  Doc Ock,,Doctor Octopus,Single,,,,1,3,5,1
Otto Octavius 4 (Earth-Unknown),Otto Gunther Octavius,Doctor Octopus's reality,Supervillain,Secret,Alive,,,Human,Male,,,,,Spider-Man: Across the Spider-Verse,Codenames Doctor Octopus  Doc Ock,,Doctor Octopus,Single,,,,5,2,1,2
Otto Octavius 5 (Earth-Unknown),Otto Gunther Octavius,Doctor Octopus's reality,Supervillain,Secret,Alive,,,Human,Male,,,,,Spider-Man: Across the Spider-Verse,Codenames Doctor Octopus  Doc Ock,,Doctor Octopus,Single,,,,2,3,2,3
Otto Octavius 6 (Earth-Unknown),Otto Gunther Octavius,Doctor Octopus's reality,Supervillain,Secret,Alive,,,Human,Male,,,,,Spider-Man: Across the Spider-Verse,Codenames Doctor Octopus  Doc Ock,,Doctor Octopus,Single,,,,2,2,2,1
Anna-May Parker,Anna-May Parker,Earth-18119,Superhero,Secret,Alive,,,Human (enhanced),Female,,,Orange,,Spider-Man: Across the Spider-Verse,Codenames  Spiderling,,,Single,Spider-Society,,Peter Parker (father)  Mary Jane Watson (mother),4,4,2,5
Ben Parker,Benjamin Franklin Parker,Earth-65,,No-Dual,Alive,,,Human,Male,White (fair),,Gray,,Spider-Man: Across the Spider-Verse (cameo),,"Chelsea, New York City",Ben Parker,Married,,American,Peter Parker (nephew),5,5,4,2
Ben Parker,Benjamin Franklin Parker,Earth-96283,,No-Dual,Deceased,Before 21st Century,,Human,Male,White (fair),Blue,Brown,,Spider-Man: Across the Spider-Verse,,"New York City, New York",Ben Parker,Married,,American,Peter Parker (nephew),2,4,2,2
May Parker,Maybelle Parker,Earth-65,,No-Dual,Alive,,,Human,Female,White (fair),Blue,Blonde,,Spider-Man: Across the Spider-Verse,,"Chelsea, New York City",May Parker,Married,,American,Peter Parker † (nephew),3,5,2,2
Peni Parker,Peni Parker,Earth-14512,SuperheroSpider-Society Employee (formerly),Secret,Alive,3132[1],13 (ItSV)[2] 14-15 (AtSV)[3],Human (Enhanced),Female,Pale,Brown,Black,150 cm,Spider-Man: Into the Spider-VerseSpider-Man: Across the Spider-VerseSpider-Man: Beyond the Spider-Verse (upcoming),SP//dr,New York,Peter ParkerSpider-People,Single,Radioactive spiderSP//dr robotSpider-GangSpider-Society  (Formerly),Japanese American,Unnamed father †,5,1,1,4
Peter Parker,Peter Benjamin Parker,Bombastic Bag Man's Reality,Superhero,Secret,Alive,,,Spider-Person,Male,,,Brown,,Spider-Man: Across the Spider-Verse,Codenames  Bombastic Bag Man,,Spider-PeoplePeter Parker,Single,Spider-Society,,,5,1,4,3
Peter Parker,Peter Benjamin Parker,Earth-120703,VigilantePhotographerStudent (formerly),Secret,Alive,August 1995,28,Human (enhanced),Male,White (fair),Blue,Brown,179 cm,Spider-Man: Across the Spider-Verse,Derivatives  PeterPeteCodenames  Spider-ManPeter-ThreeEditorial Names  The Amazing Spider-Man,"Forest Hills, Queens, New York City, New York",Peter ParkerSpider-Man,Single,Midtown Science High School (formerly)The Daily Bugle,American,"Ben Parker (uncle, deceased)May Parker (aunt)",4,1,4,5
Peter Parker,Peter Benjamin Parker,Earth-65,"Supervillain (briefly, formerly)Student (formerly)",Secret,"Deceased (Killed by Gwen Stacy, not knowing that the lizard was actually him)",2000s,13-14,Human (enhanced; mutated),Male,White (Fair)Green as Lizard,Brown Red as Lizard,BrownNone as Lizard,,Spider-Man: Into the Spider-Verse (flashback)Spider-Man: Across the Spider-Verse (flashback),CodenamesLizard,"Chelsea, New York City",Peter ParkerLizard,Single,,American,Ben Parker (uncle)May Parker (aunt),2,2,3,5
Peter Parker,Peter Benjamin Parker,Earth-90214,Private investigator,Secret,Alive,,"18+, most likely in his 20s",Human (enhanced),Male,White (Fair),Black,Black,,Spider-Man: Into the Spider-VerseSpider-Man: Across the Spider-Verse,CodenamesSpider-Man[1]The Spider-Man[1]DerivativesPeter Parker[1]Peter[1]NicknamesSpider-Man Noir[1]Spider-Noir[1],,Peter ParkerSpider-Man,Single,Spider-Gang,American,"Benjamin Parker (uncle, deceased)",5,5,5,5
Spider-Man,Peter Benjamin Parker,Earth-96283,VigilantePhotographerStudent (formerly),Secret,Alive,August 1983,40,Human Mutate,Male,White (fair),Blue,Brown,"5'8""",Spider-Man: Across the Spider-Verse,Codenames  Spider-Man The Human Spider Peter Two Editorial Names  The Friendly Neighborhood Spider-ManDerivatives  Mr. Spider-Man Spidey Ben Parker The Spider Michaelangelo Pete,"New York City, New York",Peter ParkerSpider-Man,In relationship or possibly married,Midtown High (formerly)Joe's Pizza (formerly)Columbia University (formerly)The Daily Bugle,American,"Ben Parker (uncle, deceased)May Parker (aunt)",2,1,4,3
Peter B. Parker,Peter Benjamin Parker,Earth-616,VigilanteInvestor (formerly)Photographer (formerly)TV Celebrity (formerly)Wrestler (formerly)Student (formerly),Secret,Alive,1980,38 [3] (ItSV)39 [4] (AtSV),Human (enhanced),Male,White (fair),Brown,Brown (graying),178 cm,Spider-Man: Into the Spider-VerseSpider-Man: Across the Spider-VerseSpider-Man: Beyond the Spider-Verse (upcoming),CodenamesSpider-Man[1]DerivativesPeter Parker[1]Peter[1]In-Universe MediaWebbed Menace[1]Supervillain[1]Organizational Names616 Peter Parker[2]Spider-Man of E-616[2],"New York City, New York",Peter ParkerSpider-Man,Divorced (ItSV)Re-Married (AtSV),Spider-GangSpider-Society  (formerly)The Daily Bugle  (formerly)Midtown High School  (formerly)Empire State University  (formerly),American,"Richard Parker (father, deceased)Mary Parker (mother, deceased)Ben Parker (uncle, deceased)May Parker (aunt, deceased)Mayday Parker (daughter, anomaly)Spencer Watson (uncle-in-law)Anna Watson (aunt-in-law)",3,3,4,1
Eugene Patilio,Eugene Patilio,Earth-1610,,Secret,Alive,,,Human,Male,,,,,Spider-Man: Across the Spider-Verse,CodenamesFrog-Man,,Frog-Man,Single,,,,4,5,1,2
Eugene Patilio,Eugene Patilio,Frog-Man's Reality,Supervillain,Secret,Alive,,,Human,Male,,,,,Spider-Man: Across the Spider-Verse,Codenames Frog-Man,,Frog-Man,Single,,,,3,5,2,3
Patrick O'Hara (Earth-31913),Patrick O'Hara,Earth-31913,Vigilante,Secret,Alive,,,Human (enhanced),Male,,,,,Spider-Man: Across the Spider-Verse,CodenamesWeb-Slinger,,Peter ParkerSpider-Man,,Spider-Society,,,4,2,4,2
Peter Parkedcar,Peter Parkedcar,Earth-53931,Superhero,Secret,Alive,,,Sentient Car/Spider-Vehicle,Male,,Black,No Hair,,Spider-Man: Across the Spider-Verse,Codenames  Spider-Mobile,,Peter ParkerSpider-Mobile,Single,Spider-Society,,Aunt-T(aunt),5,4,4,3
Peter Parker,Peter Benjamin Parker,Spider-Man Alternate 2002's reality,Superhero,Secret,Alive,,,Spider-Person,Male,,Blue,Brown,173 cm (5’8”),Spider-Man: Across the Spider-Verse,Codenames  Spider-Man  Editorial Names  Alex Ross Spider-Man,,Peter ParkerSpider-Man (basis),Single,Spider-Society,United States,,4,2,5,2
Peter Parker (Alternate Assassin),Peter Benjamin Parker,Assassin Spider-Man's reality,Superhero and Assassin,Secret,Alive,,,Spider-Person,Male,,,,,Spider-Man: Across the Spider-Verse,CodenamesSpider-Man  Assassin Spider-Man,,Spider-People,Single,Spider-Society,File:Flag of Scotland.png Scottish,,1,1,1,3
Peter Parker,Peter Benjamin Parker,Spider-Man Unlimited's Reality,Superhero,Secret,Alive,,,Spider-Person,Male,,,,,Spider-Man: Across the Spider-Verse,Codenames  Spider-Man  Editorial Names  Spider-Man Unlimited,,Peter ParkerSpider-Man Unlimited(presumable basis),Single,Spider-Society,,Ben Parker(uncle; deceased),2,3,5,1
Peter Parker,Peter Benjamin Parker,Earth-1048,,,Alive,1995,23 (MSM)24 (MM)25 (MSM2),Human,,,,,178cm,Spider-Man: Across the Spider-Verse,Codenames Spider-ManInsomniac Spider-ManOrganizational Names  Video game guys (with videogames villains),,Peter ParkerSpider-People,,,,May Parker † (aunt)Ben Parker † (uncle),2,3,4,5
Peter Parker,Peter Benjamin Parker,Earth-12041,,Secret,Alive,,21,Human,Male,White,Blue,Brown,5'10 (1.78.m),Spider-Man: Across the Spider-Verse,CodenamesSpider-ManUltimate Spider-Man,New York City,,,,American,"Ben Parker (uncle, deceased)May Parker (aunt)",1,1,4,2
Peter Parker,Peter Benjamin Parker,Earth-13122,SuperheroPhotographer,Secret,Alive,,,Human,Male,,,,,Spider-Man: Across the Spider-Verse,CodenamesSpider-ManLEGO Spider-ManOrganizational NamesSpider-Man of E-13122[1],,Peter ParkerSpider-Man,,Spider-SocietyDaily Bugle,,,3,3,1,3
Peter Parker,Peter Benjamin Parker,Earth-1610,Photographer (part-time)Graduate student,Public (post-mortem),"Deceased (anomaly because he is supposed to be alive but he died due to saving Miles Morales, who was bitten by Earth-42’s radioactive spider)",January 8 1991,26 (deceased)[3],Human (enhanced),Male,White,Blue,Blonde,186 cm,Spider-Man: Into the Spider-VerseSpider-Man: Across the Spider-Verse (flashback),CodenamesSpider-Man[1]Dusk[1]Web-Man[1]Iron Spider[1]The Ultimate Spider-Man[1]DerivativesPeter Parker[1]Peter[1]NicknamesFriendly Neighborhood Spider-Man[1] The Amazing Spider-Man[1]The Original Spider-Man[1]The Blonde Spider-Man[1]Blonde Peter Parker[1]Peter A. Parker[1]In-Universe MediaBilly Barker[1]Spider-Man #1[2],New York City,Peter ParkerSpider-Man,Married,Ultimates (presumed),American,Ben Parker † (uncle)May Parker (aunt),1,2,3,1
Peter Parker,Peter Benjamin Parker,Earth-18119,,Secret,Alive,,Unkown,Human,Male,White,Brown,brown,,Spider-Man: Across the Spider-Verse,CodenamesSpider-Man,New York City,Peter Parker,Married,,American,Annie Parker (daughter),5,2,3,1
Peter Parker,Peter Benjamin Parker,Earth-20824,Superhero,Secret,Alive,,,Spider-Person,Male,,,,,Spider-Man: Across the Spider-Verse,Codenames  Spider-Man  Playstation Spider-Man  Neversoft Spider-Man,,Spider-PeoplePeter Parker,Married,Spider-Society,American,,5,1,4,5
Peter Parker,Peter Benjamin Parker,Earth-2301,,,Alive,,,,Male,,,,,Spider-Man: Across the Spider-Verse,Spider-ManManga-verse Spider-Man,,Peter ParkerSpider-Man,,,,,2,3,4,3
Peter Parker,Peter Benjamin Parker,Earth-26496,,Secret,Alive,April 1992,16 (SSM)Unknown (ATSV),Human,Male,White,Brown,Brown,"5' 6"" (1.68 m)",Spider-Man: Across the Spider-Verse,CodenamesSpider-Man[1]The Spectacular Spider-Man[1],,Peter ParkerSpider-Totem,,Spider-SocietyMiguel O'Hara,,,5,5,5,2
Peter Parker,Peter Benjamin Parker,Earth-312500,Superhero (formely)  Criminal,Public,Deceased,New York City,68,,Man,,Hazel,Brown,,Spider-Man: Across the Spider-Verse,,New York City,,Single,Spider-Society,,May Parker  Mary Jane Watson Parker,2,4,5,4
Peter Parker,Peter Benjamin Parker,Earth-57594,Superhero,Secret,Alive,,,Human,Male,,,,,Spider-Man: Across the Spider-Verse,Codenames  Spider-Man  Editorial Names  Spider-Man MK III Spider-Armor,,Peter ParkerSpider-People,Unknown,Spider-Society,American,"Ben Parker (uncle, deceased)",1,5,5,1
